"Data Source","World Development Indicators",

"Last Updated Date","2019-10-28",

"Country Name","Country Code","Indicator Name","Indicator Code","1960","1961","1962","1963","1964","1965","1966","1967","1968","1969","1970","1971","1972","1973","1974","1975","1976","1977","1978","1979","1980","1981","1982","1983","1984","1985","1986","1987","1988","1989","1990","1991","1992","1993","1994","1995","1996","1997","1998","1999","2000","2001","2002","2003","2004","2005","2006","2007","2008","2009","2010","2011","2012","2013","2014","2015","2016","2017","2018","2019",
"Aruba","ABW","Presence of peace keepers (number of troops, police, and military observers in mandate)","VC.PKP.TOTL.UN","","","","","","","","","","","","","","","","","","","","","","","","","","","","","","","","","","","","","","","","","","","","","","","","","","","","","","","","","","","","",
"Afghanistan","AFG","Presence of peace keepers (number of troops, police, and military observers in mandate)","VC.PKP.TOTL.UN","","","","","","","","","","","","","","","","","","","","","","","","","","","","","","","","","","","","","","","","","","","","","","","","","","20","16","15","23","25","15","15","14","","","",
"Angola","AGO","Presence of peace keepers (number of troops, police, and military observers in mandate)","VC.PKP.TOTL.UN","","","","","","","","","","","","","","","","","","","","","","","","","","","","","","","","","","","","","","","","","","","","","","","","","","","","","","","","","","","","",
"Albania","ALB","Presence of peace keepers (number of troops, police, and military observers in mandate)","VC.PKP.TOTL.UN","","","","","","","","","","","","","","","","","","","","","","","","","","","","","","","","","","","","","","","","","","","","","","","","","","","","","","","","","","","","",
"Andorra","AND","Presence of peace keepers (number of troops, police, and military observers in mandate)","VC.PKP.TOTL.UN","","","","","","","","","","","","","","","","","","","","","","","","","","","","","","","","","","","","","","","","","","","","","","","","","","","","","","","","","","","","",
"Arab World","ARB","Presence of peace keepers (number of troops, police, and military observers in mandate)","VC.PKP.TOTL.UN","","","","","","","","","","","","","","","","","","","","","","","","","","","","","","","","","","","","","","","","","","","","","","","","","","","","","","","","","","","","",
"United Arab Emirates","ARE","Presence of peace keepers (number of troops, police, and military observers in mandate)","VC.PKP.TOTL.UN","","","","","","","","","","","","","","","","","","","","","","","","","","","","","","","","","","","","","","","","","","","","","","","","","","","","","","","","","","","","",
"Argentina","ARG","Presence of peace keepers (number of troops, police, and military observers in mandate)","VC.PKP.TOTL.UN","","","","","","","","","","","","","","","","","","","","","","","","","","","","","","","","","","","","","","","","","","","","","","","","","","","","","","","","","","","","",
"Armenia","ARM","Presence of peace keepers (number of troops, police, and military observers in mandate)","VC.PKP.TOTL.UN","","","","","","","","","","","","","","","","","","","","","","","","","","","","","","","","","","","","","","","","","","","","","","","","","","","","","","","","","","","","",
"American Samoa","ASM","Presence of peace keepers (number of troops, police, and military observers in mandate)","VC.PKP.TOTL.UN","","","","","","","","","","","","","","","","","","","","","","","","","","","","","","","","","","","","","","","","","","","","","","","","","","","","","","","","","","","","",
"Antigua and Barbuda","ATG","Presence of peace keepers (number of troops, police, and military observers in mandate)","VC.PKP.TOTL.UN","","","","","","","","","","","","","","","","","","","","","","","","","","","","","","","","","","","","","","","","","","","","","","","","","","","","","","","","","","","","",
"Australia","AUS","Presence of peace keepers (number of troops, police, and military observers in mandate)","VC.PKP.TOTL.UN","","","","","","","","","","","","","","","","","","","","","","","","","","","","","","","","","","","","","","","","","","","","","","","","","","","","","","","","","","","","",
"Austria","AUT","Presence of peace keepers (number of troops, police, and military observers in mandate)","VC.PKP.TOTL.UN","","","","","","","","","","","","","","","","","","","","","","","","","","","","","","","","","","","","","","","","","","","","","","","","","","","","","","","","","","","","",
"Azerbaijan","AZE","Presence of peace keepers (number of troops, police, and military observers in mandate)","VC.PKP.TOTL.UN","","","","","","","","","","","","","","","","","","","","","","","","","","","","","","","","","","","","","","","","","","","","","","","","","","","","","","","","","","","","",
"Burundi","BDI","Presence of peace keepers (number of troops, police, and military observers in mandate)","VC.PKP.TOTL.UN","","","","","","","","","","","","","","","","","","","","","","","","","","","","","","","","","","","","","","","","","","","","","","","","","","15","4","1","2","2","2","","","","","",
"Belgium","BEL","Presence of peace keepers (number of troops, police, and military observers in mandate)","VC.PKP.TOTL.UN","","","","","","","","","","","","","","","","","","","","","","","","","","","","","","","","","","","","","","","","","","","","","","","","","","","","","","","","","","","","",
"Benin","BEN","Presence of peace keepers (number of troops, police, and military observers in mandate)","VC.PKP.TOTL.UN","","","","","","","","","","","","","","","","","","","","","","","","","","","","","","","","","","","","","","","","","","","","","","","","","","","","","","","","","","","","",
"Burkina Faso","BFA","Presence of peace keepers (number of troops, police, and military observers in mandate)","VC.PKP.TOTL.UN","","","","","","","","","","","","","","","","","","","","","","","","","","","","","","","","","","","","","","","","","","","","","","","","","","","","","","","","","","","","",
"Bangladesh","BGD","Presence of peace keepers (number of troops, police, and military observers in mandate)","VC.PKP.TOTL.UN","","","","","","","","","","","","","","","","","","","","","","","","","","","","","","","","","","","","","","","","","","","","","","","","","","","","","","","","","","","","",
"Bulgaria","BGR","Presence of peace keepers (number of troops, police, and military observers in mandate)","VC.PKP.TOTL.UN","","","","","","","","","","","","","","","","","","","","","","","","","","","","","","","","","","","","","","","","","","","","","","","","","","","","","","","","","","","","",
"Bahrain","BHR","Presence of peace keepers (number of troops, police, and military observers in mandate)","VC.PKP.TOTL.UN","","","","","","","","","","","","","","","","","","","","","","","","","","","","","","","","","","","","","","","","","","","","","","","","","","","","","","","","","","","","",
"Bahamas, The","BHS","Presence of peace keepers (number of troops, police, and military observers in mandate)","VC.PKP.TOTL.UN","","","","","","","","","","","","","","","","","","","","","","","","","","","","","","","","","","","","","","","","","","","","","","","","","","","","","","","","","","","","",
"Bosnia and Herzegovina","BIH","Presence of peace keepers (number of troops, police, and military observers in mandate)","VC.PKP.TOTL.UN","","","","","","","","","","","","","","","","","","","","","","","","","","","","","","","","","","","","","","","","","","","","","","","","","","","","","","","","","","","","",
"Belarus","BLR","Presence of peace keepers (number of troops, police, and military observers in mandate)","VC.PKP.TOTL.UN","","","","","","","","","","","","","","","","","","","","","","","","","","","","","","","","","","","","","","","","","","","","","","","","","","","","","","","","","","","","",
"Belize","BLZ","Presence of peace keepers (number of troops, police, and military observers in mandate)","VC.PKP.TOTL.UN","","","","","","","","","","","","","","","","","","","","","","","","","","","","","","","","","","","","","","","","","","","","","","","","","","","","","","","","","","","","",
"Bermuda","BMU","Presence of peace keepers (number of troops, police, and military observers in mandate)","VC.PKP.TOTL.UN","","","","","","","","","","","","","","","","","","","","","","","","","","","","","","","","","","","","","","","","","","","","","","","","","","","","","","","","","","","","",
"Bolivia","BOL","Presence of peace keepers (number of troops, police, and military observers in mandate)","VC.PKP.TOTL.UN","","","","","","","","","","","","","","","","","","","","","","","","","","","","","","","","","","","","","","","","","","","","","","","","","","","","","","","","","","","","",
"Brazil","BRA","Presence of peace keepers (number of troops, police, and military observers in mandate)","VC.PKP.TOTL.UN","","","","","","","","","","","","","","","","","","","","","","","","","","","","","","","","","","","","","","","","","","","","","","","","","","","","","","","","","","","","",
"Barbados","BRB","Presence of peace keepers (number of troops, police, and military observers in mandate)","VC.PKP.TOTL.UN","","","","","","","","","","","","","","","","","","","","","","","","","","","","","","","","","","","","","","","","","","","","","","","","","","","","","","","","","","","","",
"Brunei Darussalam","BRN","Presence of peace keepers (number of troops, police, and military observers in mandate)","VC.PKP.TOTL.UN","","","","","","","","","","","","","","","","","","","","","","","","","","","","","","","","","","","","","","","","","","","","","","","","","","","","","","","","","","","","",
"Bhutan","BTN","Presence of peace keepers (number of troops, police, and military observers in mandate)","VC.PKP.TOTL.UN","","","","","","","","","","","","","","","","","","","","","","","","","","","","","","","","","","","","","","","","","","","","","","","","","","","","","","","","","","","","",
"Botswana","BWA","Presence of peace keepers (number of troops, police, and military observers in mandate)","VC.PKP.TOTL.UN","","","","","","","","","","","","","","","","","","","","","","","","","","","","","","","","","","","","","","","","","","","","","","","","","","","","","","","","","","","","",
"Central African Republic","CAF","Presence of peace keepers (number of troops, police, and military observers in mandate)","VC.PKP.TOTL.UN","","","","","","","","","","","","","","","","","","","","","","","","","","","","","","","","","","","","","","","","","","","","","","","","","","2777","3","4","4","4","8685","12361","12135","12736","","",
"Canada","CAN","Presence of peace keepers (number of troops, police, and military observers in mandate)","VC.PKP.TOTL.UN","","","","","","","","","","","","","","","","","","","","","","","","","","","","","","","","","","","","","","","","","","","","","","","","","","","","","","","","","","","","",
"Central Europe and the Baltics","CEB","Presence of peace keepers (number of troops, police, and military observers in mandate)","VC.PKP.TOTL.UN","","","","","","","","","","","","","","","","","","","","","","","","","","","","","","","","","","","","","","","","","","","","","","","","","","","","","","","","","","","","",
"Switzerland","CHE","Presence of peace keepers (number of troops, police, and military observers in mandate)","VC.PKP.TOTL.UN","","","","","","","","","","","","","","","","","","","","","","","","","","","","","","","","","","","","","","","","","","","","","","","","","","","","","","","","","","","","",
"Channel Islands","CHI","Presence of peace keepers (number of troops, police, and military observers in mandate)","VC.PKP.TOTL.UN","","","","","","","","","","","","","","","","","","","","","","","","","","","","","","","","","","","","","","","","","","","","","","","","","","","","","","","","","","","","",
"Chile","CHL","Presence of peace keepers (number of troops, police, and military observers in mandate)","VC.PKP.TOTL.UN","","","","","","","","","","","","","","","","","","","","","","","","","","","","","","","","","","","","","","","","","","","","","","","","","","","","","","","","","","","","",
"China","CHN","Presence of peace keepers (number of troops, police, and military observers in mandate)","VC.PKP.TOTL.UN","","","","","","","","","","","","","","","","","","","","","","","","","","","","","","","","","","","","","","","","","","","","","","","","","","","","","","","","","","","","",
"Cote d'Ivoire","CIV","Presence of peace keepers (number of troops, police, and military observers in mandate)","VC.PKP.TOTL.UN","","","","","","","","","","","","","","","","","","","","","","","","","","","","","","","","","","","","","","","","","","","","","","","","","","8536","9071","10999","11033","9944","7633","6618","2622","","","",
"Cameroon","CMR","Presence of peace keepers (number of troops, police, and military observers in mandate)","VC.PKP.TOTL.UN","","","","","","","","","","","","","","","","","","","","","","","","","","","","","","","","","","","","","","","","","","","","","","","","","","","","","","","","","","","","",
"Congo, Dem. Rep.","COD","Presence of peace keepers (number of troops, police, and military observers in mandate)","VC.PKP.TOTL.UN","","","","","","","","","","","","","","","","","","","","","","","","","","","","","","","","","","","","","","","","","","","","","","","","","","20509","19105","18928","19166","21198","21036","18727","18753","17165","","",
"Congo, Rep.","COG","Presence of peace keepers (number of troops, police, and military observers in mandate)","VC.PKP.TOTL.UN","","","","","","","","","","","","","","","","","","","","","","","","","","","","","","","","","","","","","","","","","","","","","","","","","","","","","","","","","","","","",
"Colombia","COL","Presence of peace keepers (number of troops, police, and military observers in mandate)","VC.PKP.TOTL.UN","","","","","","","","","","","","","","","","","","","","","","","","","","","","","","","","","","","","","","","","","","","","","","","","","","","","","","","","","","","","",
"Comoros","COM","Presence of peace keepers (number of troops, police, and military observers in mandate)","VC.PKP.TOTL.UN","","","","","","","","","","","","","","","","","","","","","","","","","","","","","","","","","","","","","","","","","","","","","","","","","","","","","","","","","","","","",
"Cabo Verde","CPV","Presence of peace keepers (number of troops, police, and military observers in mandate)","VC.PKP.TOTL.UN","","","","","","","","","","","","","","","","","","","","","","","","","","","","","","","","","","","","","","","","","","","","","","","","","","","","","","","","","","","","",
"Costa Rica","CRI","Presence of peace keepers (number of troops, police, and military observers in mandate)","VC.PKP.TOTL.UN","","","","","","","","","","","","","","","","","","","","","","","","","","","","","","","","","","","","","","","","","","","","","","","","","","","","","","","","","","","","",
"Caribbean small states","CSS","Presence of peace keepers (number of troops, police, and military observers in mandate)","VC.PKP.TOTL.UN","","","","","","","","","","","","","","","","","","","","","","","","","","","","","","","","","","","","","","","","","","","","","","","","","","","","","","","","","","","","",
"Cuba","CUB","Presence of peace keepers (number of troops, police, and military observers in mandate)","VC.PKP.TOTL.UN","","","","","","","","","","","","","","","","","","","","","","","","","","","","","","","","","","","","","","","","","","","","","","","","","","","","","","","","","","","","",
"Curacao","CUW","Presence of peace keepers (number of troops, police, and military observers in mandate)","VC.PKP.TOTL.UN","","","","","","","","","","","","","","","","","","","","","","","","","","","","","","","","","","","","","","","","","","","","","","","","","","","","","","","","","","","","",
"Cayman Islands","CYM","Presence of peace keepers (number of troops, police, and military observers in mandate)","VC.PKP.TOTL.UN","","","","","","","","","","","","","","","","","","","","","","","","","","","","","","","","","","","","","","","","","","","","","","","","","","","","","","","","","","","","",
"Cyprus","CYP","Presence of peace keepers (number of troops, police, and military observers in mandate)","VC.PKP.TOTL.UN","","","","","","","","","","","","","","","","","","","","","","","","","","","","","","","","","","","","","","","","","","","","","","","","","","","","","","","","","","871","","",
"Czech Republic","CZE","Presence of peace keepers (number of troops, police, and military observers in mandate)","VC.PKP.TOTL.UN","","","","","","","","","","","","","","","","","","","","","","","","","","","","","","","","","","","","","","","","","","","","","","","","","","","","","","","","","","","","",
"Germany","DEU","Presence of peace keepers (number of troops, police, and military observers in mandate)","VC.PKP.TOTL.UN","","","","","","","","","","","","","","","","","","","","","","","","","","","","","","","","","","","","","","","","","","","","","","","","","","","","","","","","","","","","",
"Djibouti","DJI","Presence of peace keepers (number of troops, police, and military observers in mandate)","VC.PKP.TOTL.UN","","","","","","","","","","","","","","","","","","","","","","","","","","","","","","","","","","","","","","","","","","","","","","","","","","","","","","","","","","","","",
"Dominica","DMA","Presence of peace keepers (number of troops, police, and military observers in mandate)","VC.PKP.TOTL.UN","","","","","","","","","","","","","","","","","","","","","","","","","","","","","","","","","","","","","","","","","","","","","","","","","","","","","","","","","","","","",
"Denmark","DNK","Presence of peace keepers (number of troops, police, and military observers in mandate)","VC.PKP.TOTL.UN","","","","","","","","","","","","","","","","","","","","","","","","","","","","","","","","","","","","","","","","","","","","","","","","","","","","","","","","","","","","",
"Dominican Republic","DOM","Presence of peace keepers (number of troops, police, and military observers in mandate)","VC.PKP.TOTL.UN","","","","","","","","","","","","","","","","","","","","","","","","","","","","","","","","","","","","","","","","","","","","","","","","","","","","","","","","","","","","",
"Algeria","DZA","Presence of peace keepers (number of troops, police, and military observers in mandate)","VC.PKP.TOTL.UN","","","","","","","","","","","","","","","","","","","","","","","","","","","","","","","","","","","","","","","","","","","","","","","","","","","","","","","","","","","","",
"East Asia & Pacific (excluding high income)","EAP","Presence of peace keepers (number of troops, police, and military observers in mandate)","VC.PKP.TOTL.UN","","","","","","","","","","","","","","","","","","","","","","","","","","","","","","","","","","","","","","","","","","","","","","","","","","","","","","","","","","","","",
"Early-demographic dividend","EAR","Presence of peace keepers (number of troops, police, and military observers in mandate)","VC.PKP.TOTL.UN","","","","","","","","","","","","","","","","","","","","","","","","","","","","","","","","","","","","","","","","","","","","","","","","","","","","","","","","","","","","",
"East Asia & Pacific","EAS","Presence of peace keepers (number of troops, police, and military observers in mandate)","VC.PKP.TOTL.UN","","","","","","","","","","","","","","","","","","","","","","","","","","","","","","","","","","","","","","","","","","","","","","","","","","","","","","","","","","","","",
"Europe & Central Asia (excluding high income)","ECA","Presence of peace keepers (number of troops, police, and military observers in mandate)","VC.PKP.TOTL.UN","","","","","","","","","","","","","","","","","","","","","","","","","","","","","","","","","","","","","","","","","","","","","","","","","","","","","","","","","","","","",
"Europe & Central Asia","ECS","Presence of peace keepers (number of troops, police, and military observers in mandate)","VC.PKP.TOTL.UN","","","","","","","","","","","","","","","","","","","","","","","","","","","","","","","","","","","","","","","","","","","","","","","","","","","","","","","","","","","","",
"Ecuador","ECU","Presence of peace keepers (number of troops, police, and military observers in mandate)","VC.PKP.TOTL.UN","","","","","","","","","","","","","","","","","","","","","","","","","","","","","","","","","","","","","","","","","","","","","","","","","","","","","","","","","","","","",
"Egypt, Arab Rep.","EGY","Presence of peace keepers (number of troops, police, and military observers in mandate)","VC.PKP.TOTL.UN","","","","","","","","","","","","","","","","","","","","","","","","","","","","","","","","","","","","","","","","","","","","","","","","","","","","","","","","","","","","",
"Euro area","EMU","Presence of peace keepers (number of troops, police, and military observers in mandate)","VC.PKP.TOTL.UN","","","","","","","","","","","","","","","","","","","","","","","","","","","","","","","","","","","","","","","","","","","","","","","","","","","","","","","","","","","","",
"Eritrea","ERI","Presence of peace keepers (number of troops, police, and military observers in mandate)","VC.PKP.TOTL.UN","","","","","","","","","","","","","","","","","","","","","","","","","","","","","","","","","","","","","","","","","","","","","","","","","","","","","","","","","","","","",
"Spain","ESP","Presence of peace keepers (number of troops, police, and military observers in mandate)","VC.PKP.TOTL.UN","","","","","","","","","","","","","","","","","","","","","","","","","","","","","","","","","","","","","","","","","","","","","","","","","","","","","","","","","","","","",
"Estonia","EST","Presence of peace keepers (number of troops, police, and military observers in mandate)","VC.PKP.TOTL.UN","","","","","","","","","","","","","","","","","","","","","","","","","","","","","","","","","","","","","","","","","","","","","","","","","","","","","","","","","","","","",
"Ethiopia","ETH","Presence of peace keepers (number of troops, police, and military observers in mandate)","VC.PKP.TOTL.UN","","","","","","","","","","","","","","","","","","","","","","","","","","","","","","","","","","","","","","","","","","","","","","","","","","","","","","","","","","","","",
"European Union","EUU","Presence of peace keepers (number of troops, police, and military observers in mandate)","VC.PKP.TOTL.UN","","","","","","","","","","","","","","","","","","","","","","","","","","","","","","","","","","","","","","","","","","","","","","","","","","","","","","","","","","","","",
"Fragile and conflict affected situations","FCS","Presence of peace keepers (number of troops, police, and military observers in mandate)","VC.PKP.TOTL.UN","","","","","","","","","","","","","","","","","","","","","","","","","","","","","","","","","","","","","","","","","","","","","","","","","","","","","","","","","","","","",
"Finland","FIN","Presence of peace keepers (number of troops, police, and military observers in mandate)","VC.PKP.TOTL.UN","","","","","","","","","","","","","","","","","","","","","","","","","","","","","","","","","","","","","","","","","","","","","","","","","","","","","","","","","","","","",
"Fiji","FJI","Presence of peace keepers (number of troops, police, and military observers in mandate)","VC.PKP.TOTL.UN","","","","","","","","","","","","","","","","","","","","","","","","","","","","","","","","","","","","","","","","","","","","","","","","","","","","","","","","","","","","",
"France","FRA","Presence of peace keepers (number of troops, police, and military observers in mandate)","VC.PKP.TOTL.UN","","","","","","","","","","","","","","","","","","","","","","","","","","","","","","","","","","","","","","","","","","","","","","","","","","","","","","","","","","","","",
"Faroe Islands","FRO","Presence of peace keepers (number of troops, police, and military observers in mandate)","VC.PKP.TOTL.UN","","","","","","","","","","","","","","","","","","","","","","","","","","","","","","","","","","","","","","","","","","","","","","","","","","","","","","","","","","","","",
"Micronesia, Fed. Sts.","FSM","Presence of peace keepers (number of troops, police, and military observers in mandate)","VC.PKP.TOTL.UN","","","","","","","","","","","","","","","","","","","","","","","","","","","","","","","","","","","","","","","","","","","","","","","","","","","","","","","","","","","","",
"Gabon","GAB","Presence of peace keepers (number of troops, police, and military observers in mandate)","VC.PKP.TOTL.UN","","","","","","","","","","","","","","","","","","","","","","","","","","","","","","","","","","","","","","","","","","","","","","","","","","","","","","","","","","","","",
"United Kingdom","GBR","Presence of peace keepers (number of troops, police, and military observers in mandate)","VC.PKP.TOTL.UN","","","","","","","","","","","","","","","","","","","","","","","","","","","","","","","","","","","","","","","","","","","","","","","","","","","","","","","","","","","","",
"Georgia","GEO","Presence of peace keepers (number of troops, police, and military observers in mandate)","VC.PKP.TOTL.UN","","","","","","","","","","","","","","","","","","","","","","","","","","","","","","","","","","","","","","","","","","","","","","","","","","","","","","","","","","","","",
"Ghana","GHA","Presence of peace keepers (number of troops, police, and military observers in mandate)","VC.PKP.TOTL.UN","","","","","","","","","","","","","","","","","","","","","","","","","","","","","","","","","","","","","","","","","","","","","","","","","","","","","","","","","","","","",
"Gibraltar","GIB","Presence of peace keepers (number of troops, police, and military observers in mandate)","VC.PKP.TOTL.UN","","","","","","","","","","","","","","","","","","","","","","","","","","","","","","","","","","","","","","","","","","","","","","","","","","","","","","","","","","","","",
"Guinea","GIN","Presence of peace keepers (number of troops, police, and military observers in mandate)","VC.PKP.TOTL.UN","","","","","","","","","","","","","","","","","","","","","","","","","","","","","","","","","","","","","","","","","","","","","","","","","","","","","","","","","","","","",
"Gambia, The","GMB","Presence of peace keepers (number of troops, police, and military observers in mandate)","VC.PKP.TOTL.UN","","","","","","","","","","","","","","","","","","","","","","","","","","","","","","","","","","","","","","","","","","","","","","","","","","","","","","","","","","","","",
"Guinea-Bissau","GNB","Presence of peace keepers (number of troops, police, and military observers in mandate)","VC.PKP.TOTL.UN","","","","","","","","","","","","","","","","","","","","","","","","","","","","","","","","","","","","","","","","","","","","","","","","","","","","17","18","18","14","14","","","","",
"Equatorial Guinea","GNQ","Presence of peace keepers (number of troops, police, and military observers in mandate)","VC.PKP.TOTL.UN","","","","","","","","","","","","","","","","","","","","","","","","","","","","","","","","","","","","","","","","","","","","","","","","","","","","","","","","","","","","",
"Greece","GRC","Presence of peace keepers (number of troops, police, and military observers in mandate)","VC.PKP.TOTL.UN","","","","","","","","","","","","","","","","","","","","","","","","","","","","","","","","","","","","","","","","","","","","","","","","","","","","","","","","","","","","",
"Grenada","GRD","Presence of peace keepers (number of troops, police, and military observers in mandate)","VC.PKP.TOTL.UN","","","","","","","","","","","","","","","","","","","","","","","","","","","","","","","","","","","","","","","","","","","","","","","","","","","","","","","","","","","","",
"Greenland","GRL","Presence of peace keepers (number of troops, police, and military observers in mandate)","VC.PKP.TOTL.UN","","","","","","","","","","","","","","","","","","","","","","","","","","","","","","","","","","","","","","","","","","","","","","","","","","","","","","","","","","","","",
"Guatemala","GTM","Presence of peace keepers (number of troops, police, and military observers in mandate)","VC.PKP.TOTL.UN","","","","","","","","","","","","","","","","","","","","","","","","","","","","","","","","","","","","","","","","","","","","","","","","","","","","","","","","","","","","",
"Guam","GUM","Presence of peace keepers (number of troops, police, and military observers in mandate)","VC.PKP.TOTL.UN","","","","","","","","","","","","","","","","","","","","","","","","","","","","","","","","","","","","","","","","","","","","","","","","","","","","","","","","","","","","",
"Guyana","GUY","Presence of peace keepers (number of troops, police, and military observers in mandate)","VC.PKP.TOTL.UN","","","","","","","","","","","","","","","","","","","","","","","","","","","","","","","","","","","","","","","","","","","","","","","","","","","","","","","","","","","","",
"High income","HIC","Presence of peace keepers (number of troops, police, and military observers in mandate)","VC.PKP.TOTL.UN","","","","","","","","","","","","","","","","","","","","","","","","","","","","","","","","","","","","","","","","","","","","","","","","","","","","","","","","","","","","",
"Hong Kong SAR, China","HKG","Presence of peace keepers (number of troops, police, and military observers in mandate)","VC.PKP.TOTL.UN","","","","","","","","","","","","","","","","","","","","","","","","","","","","","","","","","","","","","","","","","","","","","","","","","","","","","","","","","","","","",
"Honduras","HND","Presence of peace keepers (number of troops, police, and military observers in mandate)","VC.PKP.TOTL.UN","","","","","","","","","","","","","","","","","","","","","","","","","","","","","","","","","","","","","","","","","","","","","","","","","","","","","","","","","","","","",
"Heavily indebted poor countries (HIPC)","HPC","Presence of peace keepers (number of troops, police, and military observers in mandate)","VC.PKP.TOTL.UN","","","","","","","","","","","","","","","","","","","","","","","","","","","","","","","","","","","","","","","","","","","","","","","","","","","","","","","","","","","","",
"Croatia","HRV","Presence of peace keepers (number of troops, police, and military observers in mandate)","VC.PKP.TOTL.UN","","","","","","","","","","","","","","","","","","","","","","","","","","","","","","","","","","","","","","","","","","","","","","","","","","","","","","","","","","","","",
"Haiti","HTI","Presence of peace keepers (number of troops, police, and military observers in mandate)","VC.PKP.TOTL.UN","","","","","","","","","","","","","","","","","","","","","","","","","","","","","","","","","","","","","","","","","","","","","","","","","","9057","11984","11611","9464","8600","7213","4852","4828","1174","","",
"Hungary","HUN","Presence of peace keepers (number of troops, police, and military observers in mandate)","VC.PKP.TOTL.UN","","","","","","","","","","","","","","","","","","","","","","","","","","","","","","","","","","","","","","","","","","","","","","","","","","","","","","","","","","","","",
"IBRD only","IBD","Presence of peace keepers (number of troops, police, and military observers in mandate)","VC.PKP.TOTL.UN","","","","","","","","","","","","","","","","","","","","","","","","","","","","","","","","","","","","","","","","","","","","","","","","","","","","","","","","","","","","",
"IDA & IBRD total","IBT","Presence of peace keepers (number of troops, police, and military observers in mandate)","VC.PKP.TOTL.UN","","","","","","","","","","","","","","","","","","","","","","","","","","","","","","","","","","","","","","","","","","","","","","","","","","","","","","","","","","","","",
"IDA total","IDA","Presence of peace keepers (number of troops, police, and military observers in mandate)","VC.PKP.TOTL.UN","","","","","","","","","","","","","","","","","","","","","","","","","","","","","","","","","","","","","","","","","","","","","","","","","","","","","","","","","","","","",
"IDA blend","IDB","Presence of peace keepers (number of troops, police, and military observers in mandate)","VC.PKP.TOTL.UN","","","","","","","","","","","","","","","","","","","","","","","","","","","","","","","","","","","","","","","","","","","","","","","","","","","","","","","","","","","","",
"Indonesia","IDN","Presence of peace keepers (number of troops, police, and military observers in mandate)","VC.PKP.TOTL.UN","","","","","","","","","","","","","","","","","","","","","","","","","","","","","","","","","","","","","","","","","","","","","","","","","","","","","","","","","","","","",
"IDA only","IDX","Presence of peace keepers (number of troops, police, and military observers in mandate)","VC.PKP.TOTL.UN","","","","","","","","","","","","","","","","","","","","","","","","","","","","","","","","","","","","","","","","","","","","","","","","","","","","","","","","","","","","",
"Isle of Man","IMN","Presence of peace keepers (number of troops, police, and military observers in mandate)","VC.PKP.TOTL.UN","","","","","","","","","","","","","","","","","","","","","","","","","","","","","","","","","","","","","","","","","","","","","","","","","","","","","","","","","","","","",
"India","IND","Presence of peace keepers (number of troops, police, and military observers in mandate)","VC.PKP.TOTL.UN","","","","","","","","","","","","","","","","","","","","","","","","","","","","","","","","","","","","","","","","","","","","","","","","","","","","","","","","","","","","",
"Not classified","INX","Presence of peace keepers (number of troops, police, and military observers in mandate)","VC.PKP.TOTL.UN","","","","","","","","","","","","","","","","","","","","","","","","","","","","","","","","","","","","","","","","","","","","","","","","","","","","","","","","","","","","",
"Ireland","IRL","Presence of peace keepers (number of troops, police, and military observers in mandate)","VC.PKP.TOTL.UN","","","","","","","","","","","","","","","","","","","","","","","","","","","","","","","","","","","","","","","","","","","","","","","","","","","","","","","","","","","","",
"Iran, Islamic Rep.","IRN","Presence of peace keepers (number of troops, police, and military observers in mandate)","VC.PKP.TOTL.UN","","","","","","","","","","","","","","","","","","","","","","","","","","","","","","","","","","","","","","","","","","","","","","","","","","","","","","","","","","","","",
"Iraq","IRQ","Presence of peace keepers (number of troops, police, and military observers in mandate)","VC.PKP.TOTL.UN","","","","","","","","","","","","","","","","","","","","","","","","","","","","","","","","","","","","","","","","","","","","","","","","","","","235","361","251","271","245","243","244","","","",
"Iceland","ISL","Presence of peace keepers (number of troops, police, and military observers in mandate)","VC.PKP.TOTL.UN","","","","","","","","","","","","","","","","","","","","","","","","","","","","","","","","","","","","","","","","","","","","","","","","","","","","","","","","","","","","",
"Israel","ISR","Presence of peace keepers (number of troops, police, and military observers in mandate)","VC.PKP.TOTL.UN","","","","","","","","","","","","","","","","","","","","","","","","","","","","","","","","","","","","","","","","","","","","","","","","","","","","","","","","","","","","",
"Italy","ITA","Presence of peace keepers (number of troops, police, and military observers in mandate)","VC.PKP.TOTL.UN","","","","","","","","","","","","","","","","","","","","","","","","","","","","","","","","","","","","","","","","","","","","","","","","","","","","","","","","","","","","",
"Jamaica","JAM","Presence of peace keepers (number of troops, police, and military observers in mandate)","VC.PKP.TOTL.UN","","","","","","","","","","","","","","","","","","","","","","","","","","","","","","","","","","","","","","","","","","","","","","","","","","","","","","","","","","","","",
"Jordan","JOR","Presence of peace keepers (number of troops, police, and military observers in mandate)","VC.PKP.TOTL.UN","","","","","","","","","","","","","","","","","","","","","","","","","","","","","","","","","","","","","","","","","","","","","","","","","","","","","","","","","","","","",
"Japan","JPN","Presence of peace keepers (number of troops, police, and military observers in mandate)","VC.PKP.TOTL.UN","","","","","","","","","","","","","","","","","","","","","","","","","","","","","","","","","","","","","","","","","","","","","","","","","","","","","","","","","","","","",
"Kazakhstan","KAZ","Presence of peace keepers (number of troops, police, and military observers in mandate)","VC.PKP.TOTL.UN","","","","","","","","","","","","","","","","","","","","","","","","","","","","","","","","","","","","","","","","","","","","","","","","","","","","","","","","","","","","",
"Kenya","KEN","Presence of peace keepers (number of troops, police, and military observers in mandate)","VC.PKP.TOTL.UN","","","","","","","","","","","","","","","","","","","","","","","","","","","","","","","","","","","","","","","","","","","","","","","","","","","","","","","","","","","","",
"Kyrgyz Republic","KGZ","Presence of peace keepers (number of troops, police, and military observers in mandate)","VC.PKP.TOTL.UN","","","","","","","","","","","","","","","","","","","","","","","","","","","","","","","","","","","","","","","","","","","","","","","","","","","","","","","","","","","","",
"Cambodia","KHM","Presence of peace keepers (number of troops, police, and military observers in mandate)","VC.PKP.TOTL.UN","","","","","","","","","","","","","","","","","","","","","","","","","","","","","","","","","","","","","","","","","","","","","","","","","","","","","","","","","","","","",
"Kiribati","KIR","Presence of peace keepers (number of troops, police, and military observers in mandate)","VC.PKP.TOTL.UN","","","","","","","","","","","","","","","","","","","","","","","","","","","","","","","","","","","","","","","","","","","","","","","","","","","","","","","","","","","","",
"St. Kitts and Nevis","KNA","Presence of peace keepers (number of troops, police, and military observers in mandate)","VC.PKP.TOTL.UN","","","","","","","","","","","","","","","","","","","","","","","","","","","","","","","","","","","","","","","","","","","","","","","","","","","","","","","","","","","","",
"Korea, Rep.","KOR","Presence of peace keepers (number of troops, police, and military observers in mandate)","VC.PKP.TOTL.UN","","","","","","","","","","","","","","","","","","","","","","","","","","","","","","","","","","","","","","","","","","","","","","","","","","","","","","","","","","","","",
"Kuwait","KWT","Presence of peace keepers (number of troops, police, and military observers in mandate)","VC.PKP.TOTL.UN","","","","","","","","","","","","","","","","","","","","","","","","","","","","","","","","","","","","","","","","","","","","","","","","","","","","","","","","","","","","",
"Latin America & Caribbean (excluding high income)","LAC","Presence of peace keepers (number of troops, police, and military observers in mandate)","VC.PKP.TOTL.UN","","","","","","","","","","","","","","","","","","","","","","","","","","","","","","","","","","","","","","","","","","","","","","","","","","","","","","","","","","","","",
"Lao PDR","LAO","Presence of peace keepers (number of troops, police, and military observers in mandate)","VC.PKP.TOTL.UN","","","","","","","","","","","","","","","","","","","","","","","","","","","","","","","","","","","","","","","","","","","","","","","","","","","","","","","","","","","","",
"Lebanon","LBN","Presence of peace keepers (number of troops, police, and military observers in mandate)","VC.PKP.TOTL.UN","","","","","","","","","","","","","","","","","","","","","","","","","","","","","","","","","","","","","","","","","","","","","","","","","","","","","","","","10494","10541","10518","","",
"Liberia","LBR","Presence of peace keepers (number of troops, police, and military observers in mandate)","VC.PKP.TOTL.UN","","","","","","","","","","","","","","","","","","","","","","","","","","","","","","","","","","","","","","","","","","","","","","","","","","10947","9392","9206","8862","7467","5838","4719","1712","","","",
"Libya","LBY","Presence of peace keepers (number of troops, police, and military observers in mandate)","VC.PKP.TOTL.UN","","","","","","","","","","","","","","","","","","","","","","","","","","","","","","","","","","","","","","","","","","","","","","","","","","","","","2","11","2","2","","","","",
"St. Lucia","LCA","Presence of peace keepers (number of troops, police, and military observers in mandate)","VC.PKP.TOTL.UN","","","","","","","","","","","","","","","","","","","","","","","","","","","","","","","","","","","","","","","","","","","","","","","","","","","","","","","","","","","","",
"Latin America & Caribbean","LCN","Presence of peace keepers (number of troops, police, and military observers in mandate)","VC.PKP.TOTL.UN","","","","","","","","","","","","","","","","","","","","","","","","","","","","","","","","","","","","","","","","","","","","","","","","","","","","","","","","","","","","",
"Least developed countries: UN classification","LDC","Presence of peace keepers (number of troops, police, and military observers in mandate)","VC.PKP.TOTL.UN","","","","","","","","","","","","","","","","","","","","","","","","","","","","","","","","","","","","","","","","","","","","","","","","","","","","","","","","","","","","",
"Low income","LIC","Presence of peace keepers (number of troops, police, and military observers in mandate)","VC.PKP.TOTL.UN","","","","","","","","","","","","","","","","","","","","","","","","","","","","","","","","","","","","","","","","","","","","","","","","","","","","","","","","","","","","",
"Liechtenstein","LIE","Presence of peace keepers (number of troops, police, and military observers in mandate)","VC.PKP.TOTL.UN","","","","","","","","","","","","","","","","","","","","","","","","","","","","","","","","","","","","","","","","","","","","","","","","","","","","","","","","","","","","",
"Sri Lanka","LKA","Presence of peace keepers (number of troops, police, and military observers in mandate)","VC.PKP.TOTL.UN","","","","","","","","","","","","","","","","","","","","","","","","","","","","","","","","","","","","","","","","","","","","","","","","","","","","","","","","","","","","",
"Lower middle income","LMC","Presence of peace keepers (number of troops, police, and military observers in mandate)","VC.PKP.TOTL.UN","","","","","","","","","","","","","","","","","","","","","","","","","","","","","","","","","","","","","","","","","","","","","","","","","","","","","","","","","","","","",
"Low & middle income","LMY","Presence of peace keepers (number of troops, police, and military observers in mandate)","VC.PKP.TOTL.UN","","","","","","","","","","","","","","","","","","","","","","","","","","","","","","","","","","","","","","","","","","","","","","","","","","","","","","","","","","","","",
"Lesotho","LSO","Presence of peace keepers (number of troops, police, and military observers in mandate)","VC.PKP.TOTL.UN","","","","","","","","","","","","","","","","","","","","","","","","","","","","","","","","","","","","","","","","","","","","","","","","","","","","","","","","","","","","",
"Late-demographic dividend","LTE","Presence of peace keepers (number of troops, police, and military observers in mandate)","VC.PKP.TOTL.UN","","","","","","","","","","","","","","","","","","","","","","","","","","","","","","","","","","","","","","","","","","","","","","","","","","","","","","","","","","","","",
"Lithuania","LTU","Presence of peace keepers (number of troops, police, and military observers in mandate)","VC.PKP.TOTL.UN","","","","","","","","","","","","","","","","","","","","","","","","","","","","","","","","","","","","","","","","","","","","","","","","","","","","","","","","","","","","",
"Luxembourg","LUX","Presence of peace keepers (number of troops, police, and military observers in mandate)","VC.PKP.TOTL.UN","","","","","","","","","","","","","","","","","","","","","","","","","","","","","","","","","","","","","","","","","","","","","","","","","","","","","","","","","","","","",
"Latvia","LVA","Presence of peace keepers (number of troops, police, and military observers in mandate)","VC.PKP.TOTL.UN","","","","","","","","","","","","","","","","","","","","","","","","","","","","","","","","","","","","","","","","","","","","","","","","","","","","","","","","","","","","",
"Macao SAR, China","MAC","Presence of peace keepers (number of troops, police, and military observers in mandate)","VC.PKP.TOTL.UN","","","","","","","","","","","","","","","","","","","","","","","","","","","","","","","","","","","","","","","","","","","","","","","","","","","","","","","","","","","","",
"St. Martin (French part)","MAF","Presence of peace keepers (number of troops, police, and military observers in mandate)","VC.PKP.TOTL.UN","","","","","","","","","","","","","","","","","","","","","","","","","","","","","","","","","","","","","","","","","","","","","","","","","","","","","","","","","","","","",
"Morocco","MAR","Presence of peace keepers (number of troops, police, and military observers in mandate)","VC.PKP.TOTL.UN","","","","","","","","","","","","","","","","","","","","","","","","","","","","","","","","","","","","","","","","","","","","","","","","","","","","","","","","","","","","",
"Monaco","MCO","Presence of peace keepers (number of troops, police, and military observers in mandate)","VC.PKP.TOTL.UN","","","","","","","","","","","","","","","","","","","","","","","","","","","","","","","","","","","","","","","","","","","","","","","","","","","","","","","","","","","","",
"Moldova","MDA","Presence of peace keepers (number of troops, police, and military observers in mandate)","VC.PKP.TOTL.UN","","","","","","","","","","","","","","","","","","","","","","","","","","","","","","","","","","","","","","","","","","","","","","","","","","","","","","","","","","","","",
"Madagascar","MDG","Presence of peace keepers (number of troops, police, and military observers in mandate)","VC.PKP.TOTL.UN","","","","","","","","","","","","","","","","","","","","","","","","","","","","","","","","","","","","","","","","","","","","","","","","","","","","","","","","","","","","",
"Maldives","MDV","Presence of peace keepers (number of troops, police, and military observers in mandate)","VC.PKP.TOTL.UN","","","","","","","","","","","","","","","","","","","","","","","","","","","","","","","","","","","","","","","","","","","","","","","","","","","","","","","","","","","","",
"Middle East & North Africa","MEA","Presence of peace keepers (number of troops, police, and military observers in mandate)","VC.PKP.TOTL.UN","","","","","","","","","","","","","","","","","","","","","","","","","","","","","","","","","","","","","","","","","","","","","","","","","","","","","","","","","","","","",
"Mexico","MEX","Presence of peace keepers (number of troops, police, and military observers in mandate)","VC.PKP.TOTL.UN","","","","","","","","","","","","","","","","","","","","","","","","","","","","","","","","","","","","","","","","","","","","","","","","","","","","","","","","","","","","",
"Marshall Islands","MHL","Presence of peace keepers (number of troops, police, and military observers in mandate)","VC.PKP.TOTL.UN","","","","","","","","","","","","","","","","","","","","","","","","","","","","","","","","","","","","","","","","","","","","","","","","","","","","","","","","","","","","",
"Middle income","MIC","Presence of peace keepers (number of troops, police, and military observers in mandate)","VC.PKP.TOTL.UN","","","","","","","","","","","","","","","","","","","","","","","","","","","","","","","","","","","","","","","","","","","","","","","","","","","","","","","","","","","","",
"North Macedonia","MKD","Presence of peace keepers (number of troops, police, and military observers in mandate)","VC.PKP.TOTL.UN","","","","","","","","","","","","","","","","","","","","","","","","","","","","","","","","","","","","","","","","","","","","","","","","","","","","","","","","","","","","",
"Mali","MLI","Presence of peace keepers (number of troops, police, and military observers in mandate)","VC.PKP.TOTL.UN","","","","","","","","","","","","","","","","","","","","","","","","","","","","","","","","","","","","","","","","","","","","","","","","","","","","","","6439","9494","11667","12057","13913","","",
"Malta","MLT","Presence of peace keepers (number of troops, police, and military observers in mandate)","VC.PKP.TOTL.UN","","","","","","","","","","","","","","","","","","","","","","","","","","","","","","","","","","","","","","","","","","","","","","","","","","","","","","","","","","","","",
"Myanmar","MMR","Presence of peace keepers (number of troops, police, and military observers in mandate)","VC.PKP.TOTL.UN","","","","","","","","","","","","","","","","","","","","","","","","","","","","","","","","","","","","","","","","","","","","","","","","","","","","","","","","","","","","",
"Middle East & North Africa (excluding high income)","MNA","Presence of peace keepers (number of troops, police, and military observers in mandate)","VC.PKP.TOTL.UN","","","","","","","","","","","","","","","","","","","","","","","","","","","","","","","","","","","","","","","","","","","","","","","","","","","","","","","","","","","","",
"Montenegro","MNE","Presence of peace keepers (number of troops, police, and military observers in mandate)","VC.PKP.TOTL.UN","","","","","","","","","","","","","","","","","","","","","","","","","","","","","","","","","","","","","","","","","","","","","","","","","","","","","","","","","","","","",
"Mongolia","MNG","Presence of peace keepers (number of troops, police, and military observers in mandate)","VC.PKP.TOTL.UN","","","","","","","","","","","","","","","","","","","","","","","","","","","","","","","","","","","","","","","","","","","","","","","","","","","","","","","","","","","","",
"Northern Mariana Islands","MNP","Presence of peace keepers (number of troops, police, and military observers in mandate)","VC.PKP.TOTL.UN","","","","","","","","","","","","","","","","","","","","","","","","","","","","","","","","","","","","","","","","","","","","","","","","","","","","","","","","","","","","",
"Mozambique","MOZ","Presence of peace keepers (number of troops, police, and military observers in mandate)","VC.PKP.TOTL.UN","","","","","","","","","","","","","","","","","","","","","","","","","","","","","","","","","","","","","","","","","","","","","","","","","","","","","","","","","","","","",
"Mauritania","MRT","Presence of peace keepers (number of troops, police, and military observers in mandate)","VC.PKP.TOTL.UN","","","","","","","","","","","","","","","","","","","","","","","","","","","","","","","","","","","","","","","","","","","","","","","","","","","","","","","","","","","","",
"Mauritius","MUS","Presence of peace keepers (number of troops, police, and military observers in mandate)","VC.PKP.TOTL.UN","","","","","","","","","","","","","","","","","","","","","","","","","","","","","","","","","","","","","","","","","","","","","","","","","","","","","","","","","","","","",
"Malawi","MWI","Presence of peace keepers (number of troops, police, and military observers in mandate)","VC.PKP.TOTL.UN","","","","","","","","","","","","","","","","","","","","","","","","","","","","","","","","","","","","","","","","","","","","","","","","","","","","","","","","","","","","",
"Malaysia","MYS","Presence of peace keepers (number of troops, police, and military observers in mandate)","VC.PKP.TOTL.UN","","","","","","","","","","","","","","","","","","","","","","","","","","","","","","","","","","","","","","","","","","","","","","","","","","","","","","","","","","","","",
"North America","NAC","Presence of peace keepers (number of troops, police, and military observers in mandate)","VC.PKP.TOTL.UN","","","","","","","","","","","","","","","","","","","","","","","","","","","","","","","","","","","","","","","","","","","","","","","","","","","","","","","","","","","","",
"Namibia","NAM","Presence of peace keepers (number of troops, police, and military observers in mandate)","VC.PKP.TOTL.UN","","","","","","","","","","","","","","","","","","","","","","","","","","","","","","","","","","","","","","","","","","","","","","","","","","","","","","","","","","","","",
"New Caledonia","NCL","Presence of peace keepers (number of troops, police, and military observers in mandate)","VC.PKP.TOTL.UN","","","","","","","","","","","","","","","","","","","","","","","","","","","","","","","","","","","","","","","","","","","","","","","","","","","","","","","","","","","","",
"Niger","NER","Presence of peace keepers (number of troops, police, and military observers in mandate)","VC.PKP.TOTL.UN","","","","","","","","","","","","","","","","","","","","","","","","","","","","","","","","","","","","","","","","","","","","","","","","","","","","","","","","","","","","",
"Nigeria","NGA","Presence of peace keepers (number of troops, police, and military observers in mandate)","VC.PKP.TOTL.UN","","","","","","","","","","","","","","","","","","","","","","","","","","","","","","","","","","","","","","","","","","","","","","","","","","","","","","","","","","","","",
"Nicaragua","NIC","Presence of peace keepers (number of troops, police, and military observers in mandate)","VC.PKP.TOTL.UN","","","","","","","","","","","","","","","","","","","","","","","","","","","","","","","","","","","","","","","","","","","","","","","","","","","","","","","","","","","","",
"Netherlands","NLD","Presence of peace keepers (number of troops, police, and military observers in mandate)","VC.PKP.TOTL.UN","","","","","","","","","","","","","","","","","","","","","","","","","","","","","","","","","","","","","","","","","","","","","","","","","","","","","","","","","","","","",
"Norway","NOR","Presence of peace keepers (number of troops, police, and military observers in mandate)","VC.PKP.TOTL.UN","","","","","","","","","","","","","","","","","","","","","","","","","","","","","","","","","","","","","","","","","","","","","","","","","","","","","","","","","","","","",
"Nepal","NPL","Presence of peace keepers (number of troops, police, and military observers in mandate)","VC.PKP.TOTL.UN","","","","","","","","","","","","","","","","","","","","","","","","","","","","","","","","","","","","","","","","","","","","","","","","","","72","72","","","","","","","","","",
"Nauru","NRU","Presence of peace keepers (number of troops, police, and military observers in mandate)","VC.PKP.TOTL.UN","","","","","","","","","","","","","","","","","","","","","","","","","","","","","","","","","","","","","","","","","","","","","","","","","","","","","","","","","","","","",
"New Zealand","NZL","Presence of peace keepers (number of troops, police, and military observers in mandate)","VC.PKP.TOTL.UN","","","","","","","","","","","","","","","","","","","","","","","","","","","","","","","","","","","","","","","","","","","","","","","","","","","","","","","","","","","","",
"OECD members","OED","Presence of peace keepers (number of troops, police, and military observers in mandate)","VC.PKP.TOTL.UN","","","","","","","","","","","","","","","","","","","","","","","","","","","","","","","","","","","","","","","","","","","","","","","","","","","","","","","","","","","","",
"Oman","OMN","Presence of peace keepers (number of troops, police, and military observers in mandate)","VC.PKP.TOTL.UN","","","","","","","","","","","","","","","","","","","","","","","","","","","","","","","","","","","","","","","","","","","","","","","","","","","","","","","","","","","","",
"Other small states","OSS","Presence of peace keepers (number of troops, police, and military observers in mandate)","VC.PKP.TOTL.UN","","","","","","","","","","","","","","","","","","","","","","","","","","","","","","","","","","","","","","","","","","","","","","","","","","","","","","","","","","","","",
"Pakistan","PAK","Presence of peace keepers (number of troops, police, and military observers in mandate)","VC.PKP.TOTL.UN","","","","","","","","","","","","","","","","","","","","","","","","","","","","","","","","","","","","","","","","","","","","","","","","","","","","","","","","","","","","",
"Panama","PAN","Presence of peace keepers (number of troops, police, and military observers in mandate)","VC.PKP.TOTL.UN","","","","","","","","","","","","","","","","","","","","","","","","","","","","","","","","","","","","","","","","","","","","","","","","","","","","","","","","","","","","",
"Peru","PER","Presence of peace keepers (number of troops, police, and military observers in mandate)","VC.PKP.TOTL.UN","","","","","","","","","","","","","","","","","","","","","","","","","","","","","","","","","","","","","","","","","","","","","","","","","","","","","","","","","","","","",
"Philippines","PHL","Presence of peace keepers (number of troops, police, and military observers in mandate)","VC.PKP.TOTL.UN","","","","","","","","","","","","","","","","","","","","","","","","","","","","","","","","","","","","","","","","","","","","","","","","","","","","","","","","","","","","",
"Palau","PLW","Presence of peace keepers (number of troops, police, and military observers in mandate)","VC.PKP.TOTL.UN","","","","","","","","","","","","","","","","","","","","","","","","","","","","","","","","","","","","","","","","","","","","","","","","","","","","","","","","","","","","",
"Papua New Guinea","PNG","Presence of peace keepers (number of troops, police, and military observers in mandate)","VC.PKP.TOTL.UN","","","","","","","","","","","","","","","","","","","","","","","","","","","","","","","","","","","","","","","","","","","","","","","","","","","","","","","","","","","","",
"Poland","POL","Presence of peace keepers (number of troops, police, and military observers in mandate)","VC.PKP.TOTL.UN","","","","","","","","","","","","","","","","","","","","","","","","","","","","","","","","","","","","","","","","","","","","","","","","","","","","","","","","","","","","",
"Pre-demographic dividend","PRE","Presence of peace keepers (number of troops, police, and military observers in mandate)","VC.PKP.TOTL.UN","","","","","","","","","","","","","","","","","","","","","","","","","","","","","","","","","","","","","","","","","","","","","","","","","","","","","","","","","","","","",
"Puerto Rico","PRI","Presence of peace keepers (number of troops, police, and military observers in mandate)","VC.PKP.TOTL.UN","","","","","","","","","","","","","","","","","","","","","","","","","","","","","","","","","","","","","","","","","","","","","","","","","","","","","","","","","","","","",
"Korea, Dem. People’s Rep.","PRK","Presence of peace keepers (number of troops, police, and military observers in mandate)","VC.PKP.TOTL.UN","","","","","","","","","","","","","","","","","","","","","","","","","","","","","","","","","","","","","","","","","","","","","","","","","","","","","","","","","","","","",
"Portugal","PRT","Presence of peace keepers (number of troops, police, and military observers in mandate)","VC.PKP.TOTL.UN","","","","","","","","","","","","","","","","","","","","","","","","","","","","","","","","","","","","","","","","","","","","","","","","","","","","","","","","","","","","",
"Paraguay","PRY","Presence of peace keepers (number of troops, police, and military observers in mandate)","VC.PKP.TOTL.UN","","","","","","","","","","","","","","","","","","","","","","","","","","","","","","","","","","","","","","","","","","","","","","","","","","","","","","","","","","","","",
"West Bank and Gaza","PSE","Presence of peace keepers (number of troops, police, and military observers in mandate)","VC.PKP.TOTL.UN","","","","","","","","","","","","","","","","","","","","","","","","","","","","","","","","","","","","","","","","","","","","","","","","","","","","","","","","","150","","","",
"Pacific island small states","PSS","Presence of peace keepers (number of troops, police, and military observers in mandate)","VC.PKP.TOTL.UN","","","","","","","","","","","","","","","","","","","","","","","","","","","","","","","","","","","","","","","","","","","","","","","","","","","","","","","","","","","","",
"Post-demographic dividend","PST","Presence of peace keepers (number of troops, police, and military observers in mandate)","VC.PKP.TOTL.UN","","","","","","","","","","","","","","","","","","","","","","","","","","","","","","","","","","","","","","","","","","","","","","","","","","","","","","","","","","","","",
"French Polynesia","PYF","Presence of peace keepers (number of troops, police, and military observers in mandate)","VC.PKP.TOTL.UN","","","","","","","","","","","","","","","","","","","","","","","","","","","","","","","","","","","","","","","","","","","","","","","","","","","","","","","","","","","","",
"Qatar","QAT","Presence of peace keepers (number of troops, police, and military observers in mandate)","VC.PKP.TOTL.UN","","","","","","","","","","","","","","","","","","","","","","","","","","","","","","","","","","","","","","","","","","","","","","","","","","","","","","","","","","","","",
"Romania","ROU","Presence of peace keepers (number of troops, police, and military observers in mandate)","VC.PKP.TOTL.UN","","","","","","","","","","","","","","","","","","","","","","","","","","","","","","","","","","","","","","","","","","","","","","","","","","","","","","","","","","","","",
"Russian Federation","RUS","Presence of peace keepers (number of troops, police, and military observers in mandate)","VC.PKP.TOTL.UN","","","","","","","","","","","","","","","","","","","","","","","","","","","","","","","","","","","","","","","","","","","","","","","","","","","","","","","","","","","","",
"Rwanda","RWA","Presence of peace keepers (number of troops, police, and military observers in mandate)","VC.PKP.TOTL.UN","","","","","","","","","","","","","","","","","","","","","","","","","","","","","","","","","","","","","","","","","","","","","","","","","","","","","","","","","","","","",
"South Asia","SAS","Presence of peace keepers (number of troops, police, and military observers in mandate)","VC.PKP.TOTL.UN","","","","","","","","","","","","","","","","","","","","","","","","","","","","","","","","","","","","","","","","","","","","","","","","","","","","","","","","","","","","",
"Saudi Arabia","SAU","Presence of peace keepers (number of troops, police, and military observers in mandate)","VC.PKP.TOTL.UN","","","","","","","","","","","","","","","","","","","","","","","","","","","","","","","","","","","","","","","","","","","","","","","","","","","","","","","","","","","","",
"Sudan","SDN","Presence of peace keepers (number of troops, police, and military observers in mandate)","VC.PKP.TOTL.UN","","","","","","","","","","","","","","","","","","","","","","","","","","","","","","","","","","","","","","","","","","","","","","","","","","10262","10416","","","","","","","16692","","",
"Senegal","SEN","Presence of peace keepers (number of troops, police, and military observers in mandate)","VC.PKP.TOTL.UN","","","","","","","","","","","","","","","","","","","","","","","","","","","","","","","","","","","","","","","","","","","","","","","","","","","","","","","","","","","","",
"Singapore","SGP","Presence of peace keepers (number of troops, police, and military observers in mandate)","VC.PKP.TOTL.UN","","","","","","","","","","","","","","","","","","","","","","","","","","","","","","","","","","","","","","","","","","","","","","","","","","","","","","","","","","","","",
"Solomon Islands","SLB","Presence of peace keepers (number of troops, police, and military observers in mandate)","VC.PKP.TOTL.UN","","","","","","","","","","","","","","","","","","","","","","","","","","","","","","","","","","","","","","","","","","","","","","","","572","","","580","468","447","141","152","126","99","","","",
"Sierra Leone","SLE","Presence of peace keepers (number of troops, police, and military observers in mandate)","VC.PKP.TOTL.UN","","","","","","","","","","","","","","","","","","","","","","","","","","","","","","","","","","","","","","","","","","","","","","","","","","","","","7","4","","","","","","",
"El Salvador","SLV","Presence of peace keepers (number of troops, police, and military observers in mandate)","VC.PKP.TOTL.UN","","","","","","","","","","","","","","","","","","","","","","","","","","","","","","","","","","","","","","","","","","","","","","","","","","","","","","","","","","","","",
"San Marino","SMR","Presence of peace keepers (number of troops, police, and military observers in mandate)","VC.PKP.TOTL.UN","","","","","","","","","","","","","","","","","","","","","","","","","","","","","","","","","","","","","","","","","","","","","","","","","","","","","","","","","","","","",
"Somalia","SOM","Presence of peace keepers (number of troops, police, and military observers in mandate)","VC.PKP.TOTL.UN","","","","","","","","","","","","","","","","","","","","","","","","","","","","","","","","","","","","","","","","","","","","","","","","","","","","6","3","9","12","562","591","","","",
"Serbia","SRB","Presence of peace keepers (number of troops, police, and military observers in mandate)","VC.PKP.TOTL.UN","","","","","","","","","","","","","","","","","","","","","","","","","","","","","","","","","","","","","","","","","","","","","","","","","","","","","","","","","","","","",
"Sub-Saharan Africa (excluding high income)","SSA","Presence of peace keepers (number of troops, police, and military observers in mandate)","VC.PKP.TOTL.UN","","","","","","","","","","","","","","","","","","","","","","","","","","","","","","","","","","","","","","","","","","","","","","","","","","","","","","","","","","","","",
"South Sudan","SSD","Presence of peace keepers (number of troops, police, and military observers in mandate)","VC.PKP.TOTL.UN","","","","","","","","","","","","","","","","","","","","","","","","","","","","","","","","","","","","","","","","","","","","","","","","","","","","","7157","7684","11433","13035","12816","15415","","",
"Sub-Saharan Africa","SSF","Presence of peace keepers (number of troops, police, and military observers in mandate)","VC.PKP.TOTL.UN","","","","","","","","","","","","","","","","","","","","","","","","","","","","","","","","","","","","","","","","","","","","","","","","","","","","","","","","","","","","",
"Small states","SST","Presence of peace keepers (number of troops, police, and military observers in mandate)","VC.PKP.TOTL.UN","","","","","","","","","","","","","","","","","","","","","","","","","","","","","","","","","","","","","","","","","","","","","","","","","","","","","","","","","","","","",
"Sao Tome and Principe","STP","Presence of peace keepers (number of troops, police, and military observers in mandate)","VC.PKP.TOTL.UN","","","","","","","","","","","","","","","","","","","","","","","","","","","","","","","","","","","","","","","","","","","","","","","","","","","","","","","","","","","","",
"Suriname","SUR","Presence of peace keepers (number of troops, police, and military observers in mandate)","VC.PKP.TOTL.UN","","","","","","","","","","","","","","","","","","","","","","","","","","","","","","","","","","","","","","","","","","","","","","","","","","","","","","","","","","","","",
"Slovak Republic","SVK","Presence of peace keepers (number of troops, police, and military observers in mandate)","VC.PKP.TOTL.UN","","","","","","","","","","","","","","","","","","","","","","","","","","","","","","","","","","","","","","","","","","","","","","","","","","","","","","","","","","","","",
"Slovenia","SVN","Presence of peace keepers (number of troops, police, and military observers in mandate)","VC.PKP.TOTL.UN","","","","","","","","","","","","","","","","","","","","","","","","","","","","","","","","","","","","","","","","","","","","","","","","","","","","","","","","","","","","",
"Sweden","SWE","Presence of peace keepers (number of troops, police, and military observers in mandate)","VC.PKP.TOTL.UN","","","","","","","","","","","","","","","","","","","","","","","","","","","","","","","","","","","","","","","","","","","","","","","","","","","","","","","","","","","","",
"Eswatini","SWZ","Presence of peace keepers (number of troops, police, and military observers in mandate)","VC.PKP.TOTL.UN","","","","","","","","","","","","","","","","","","","","","","","","","","","","","","","","","","","","","","","","","","","","","","","","","","","","","","","","","","","","",
"Sint Maarten (Dutch part)","SXM","Presence of peace keepers (number of troops, police, and military observers in mandate)","VC.PKP.TOTL.UN","","","","","","","","","","","","","","","","","","","","","","","","","","","","","","","","","","","","","","","","","","","","","","","","","","","","","","","","","","","","",
"Seychelles","SYC","Presence of peace keepers (number of troops, police, and military observers in mandate)","VC.PKP.TOTL.UN","","","","","","","","","","","","","","","","","","","","","","","","","","","","","","","","","","","","","","","","","","","","","","","","","","","","","","","","","","","","",
"Syrian Arab Republic","SYR","Presence of peace keepers (number of troops, police, and military observers in mandate)","VC.PKP.TOTL.UN","","","","","","","","","","","","","","","","","","","","","","","","","","","","","","","","","","","","","","","","","","","","","","","","","","","","","","","930","793","829","985","","",
"Turks and Caicos Islands","TCA","Presence of peace keepers (number of troops, police, and military observers in mandate)","VC.PKP.TOTL.UN","","","","","","","","","","","","","","","","","","","","","","","","","","","","","","","","","","","","","","","","","","","","","","","","","","","","","","","","","","","","",
"Chad","TCD","Presence of peace keepers (number of troops, police, and military observers in mandate)","VC.PKP.TOTL.UN","","","","","","","","","","","","","","","","","","","","","","","","","","","","","","","","","","","","","","","","","","","","","","","","","","","","","","","","","","","","",
"East Asia & Pacific (IDA & IBRD countries)","TEA","Presence of peace keepers (number of troops, police, and military observers in mandate)","VC.PKP.TOTL.UN","","","","","","","","","","","","","","","","","","","","","","","","","","","","","","","","","","","","","","","","","","","","","","","","","","","","","","","","","","","","",
"Europe & Central Asia (IDA & IBRD countries)","TEC","Presence of peace keepers (number of troops, police, and military observers in mandate)","VC.PKP.TOTL.UN","","","","","","","","","","","","","","","","","","","","","","","","","","","","","","","","","","","","","","","","","","","","","","","","","","","","","","","","","","","","",
"Togo","TGO","Presence of peace keepers (number of troops, police, and military observers in mandate)","VC.PKP.TOTL.UN","","","","","","","","","","","","","","","","","","","","","","","","","","","","","","","","","","","","","","","","","","","","","","","","","","","","","","","","","","","","",
"Thailand","THA","Presence of peace keepers (number of troops, police, and military observers in mandate)","VC.PKP.TOTL.UN","","","","","","","","","","","","","","","","","","","","","","","","","","","","","","","","","","","","","","","","","","","","","","","","","","","","","","","","","","","","",
"Tajikistan","TJK","Presence of peace keepers (number of troops, police, and military observers in mandate)","VC.PKP.TOTL.UN","","","","","","","","","","","","","","","","","","","","","","","","","","","","","","","","","","","","","","","","","","","","","","","","","","","","","","","","","","","","",
"Turkmenistan","TKM","Presence of peace keepers (number of troops, police, and military observers in mandate)","VC.PKP.TOTL.UN","","","","","","","","","","","","","","","","","","","","","","","","","","","","","","","","","","","","","","","","","","","","","","","","","","","","","","","","","","","","",
"Latin America & the Caribbean (IDA & IBRD countries)","TLA","Presence of peace keepers (number of troops, police, and military observers in mandate)","VC.PKP.TOTL.UN","","","","","","","","","","","","","","","","","","","","","","","","","","","","","","","","","","","","","","","","","","","","","","","","","","","","","","","","","","","","",
"Timor-Leste","TLS","Presence of peace keepers (number of troops, police, and military observers in mandate)","VC.PKP.TOTL.UN","","","","","","","","","","","","","","","","","","","","","","","","","","","","","","","","","","","","","","","","","","","","","","","","","","1552","1517","1216","","","","","","","","",
"Middle East & North Africa (IDA & IBRD countries)","TMN","Presence of peace keepers (number of troops, police, and military observers in mandate)","VC.PKP.TOTL.UN","","","","","","","","","","","","","","","","","","","","","","","","","","","","","","","","","","","","","","","","","","","","","","","","","","","","","","","","","","","","",
"Tonga","TON","Presence of peace keepers (number of troops, police, and military observers in mandate)","VC.PKP.TOTL.UN","","","","","","","","","","","","","","","","","","","","","","","","","","","","","","","","","","","","","","","","","","","","","","","","","","","","","","","","","","","","",
"South Asia (IDA & IBRD)","TSA","Presence of peace keepers (number of troops, police, and military observers in mandate)","VC.PKP.TOTL.UN","","","","","","","","","","","","","","","","","","","","","","","","","","","","","","","","","","","","","","","","","","","","","","","","","","","","","","","","","","","","",
"Sub-Saharan Africa (IDA & IBRD countries)","TSS","Presence of peace keepers (number of troops, police, and military observers in mandate)","VC.PKP.TOTL.UN","","","","","","","","","","","","","","","","","","","","","","","","","","","","","","","","","","","","","","","","","","","","","","","","","","","","","","","","","","","","",
"Trinidad and Tobago","TTO","Presence of peace keepers (number of troops, police, and military observers in mandate)","VC.PKP.TOTL.UN","","","","","","","","","","","","","","","","","","","","","","","","","","","","","","","","","","","","","","","","","","","","","","","","","","","","","","","","","","","","",
"Tunisia","TUN","Presence of peace keepers (number of troops, police, and military observers in mandate)","VC.PKP.TOTL.UN","","","","","","","","","","","","","","","","","","","","","","","","","","","","","","","","","","","","","","","","","","","","","","","","","","","","","","","","","","","","",
"Turkey","TUR","Presence of peace keepers (number of troops, police, and military observers in mandate)","VC.PKP.TOTL.UN","","","","","","","","","","","","","","","","","","","","","","","","","","","","","","","","","","","","","","","","","","","","","","","","","","","","","","","","","","","","",
"Tuvalu","TUV","Presence of peace keepers (number of troops, police, and military observers in mandate)","VC.PKP.TOTL.UN","","","","","","","","","","","","","","","","","","","","","","","","","","","","","","","","","","","","","","","","","","","","","","","","","","","","","","","","","","","","",
"Tanzania","TZA","Presence of peace keepers (number of troops, police, and military observers in mandate)","VC.PKP.TOTL.UN","","","","","","","","","","","","","","","","","","","","","","","","","","","","","","","","","","","","","","","","","","","","","","","","","","","","","","","","","","","","",
"Uganda","UGA","Presence of peace keepers (number of troops, police, and military observers in mandate)","VC.PKP.TOTL.UN","","","","","","","","","","","","","","","","","","","","","","","","","","","","","","","","","","","","","","","","","","","","","","","","","","","","","","","","","","","","",
"Ukraine","UKR","Presence of peace keepers (number of troops, police, and military observers in mandate)","VC.PKP.TOTL.UN","","","","","","","","","","","","","","","","","","","","","","","","","","","","","","","","","","","","","","","","","","","","","","","","","","","","","","","","","","","","",
"Upper middle income","UMC","Presence of peace keepers (number of troops, police, and military observers in mandate)","VC.PKP.TOTL.UN","","","","","","","","","","","","","","","","","","","","","","","","","","","","","","","","","","","","","","","","","","","","","","","","","","","","","","","","","","","","",
"Uruguay","URY","Presence of peace keepers (number of troops, police, and military observers in mandate)","VC.PKP.TOTL.UN","","","","","","","","","","","","","","","","","","","","","","","","","","","","","","","","","","","","","","","","","","","","","","","","","","","","","","","","","","","","",
"United States","USA","Presence of peace keepers (number of troops, police, and military observers in mandate)","VC.PKP.TOTL.UN","","","","","","","","","","","","","","","","","","","","","","","","","","","","","","","","","","","","","","","","","","","","","","","","","","","","","","","","","","","","",
"Uzbekistan","UZB","Presence of peace keepers (number of troops, police, and military observers in mandate)","VC.PKP.TOTL.UN","","","","","","","","","","","","","","","","","","","","","","","","","","","","","","","","","","","","","","","","","","","","","","","","","","","","","","","","","","","","",
"St. Vincent and the Grenadines","VCT","Presence of peace keepers (number of troops, police, and military observers in mandate)","VC.PKP.TOTL.UN","","","","","","","","","","","","","","","","","","","","","","","","","","","","","","","","","","","","","","","","","","","","","","","","","","","","","","","","","","","","",
"Venezuela, RB","VEN","Presence of peace keepers (number of troops, police, and military observers in mandate)","VC.PKP.TOTL.UN","","","","","","","","","","","","","","","","","","","","","","","","","","","","","","","","","","","","","","","","","","","","","","","","","","","","","","","","","","","","",
"British Virgin Islands","VGB","Presence of peace keepers (number of troops, police, and military observers in mandate)","VC.PKP.TOTL.UN","","","","","","","","","","","","","","","","","","","","","","","","","","","","","","","","","","","","","","","","","","","","","","","","","","","","","","","","","","","","",
"Virgin Islands (U.S.)","VIR","Presence of peace keepers (number of troops, police, and military observers in mandate)","VC.PKP.TOTL.UN","","","","","","","","","","","","","","","","","","","","","","","","","","","","","","","","","","","","","","","","","","","","","","","","","","","","","","","","","","","","",
"Vietnam","VNM","Presence of peace keepers (number of troops, police, and military observers in mandate)","VC.PKP.TOTL.UN","","","","","","","","","","","","","","","","","","","","","","","","","","","","","","","","","","","","","","","","","","","","","","","","","","","","","","","","","","","","",
"Vanuatu","VUT","Presence of peace keepers (number of troops, police, and military observers in mandate)","VC.PKP.TOTL.UN","","","","","","","","","","","","","","","","","","","","","","","","","","","","","","","","","","","","","","","","","","","","","","","","","","","","","","","","","","","","",
"World","WLD","Presence of peace keepers (number of troops, police, and military observers in mandate)","VC.PKP.TOTL.UN","","","","","","","","","","","","","","","","","","","","","","","","","","","","","","","","","","","","","","","","","","","","","","","","","","","","","","","","","","","","",
"Samoa","WSM","Presence of peace keepers (number of troops, police, and military observers in mandate)","VC.PKP.TOTL.UN","","","","","","","","","","","","","","","","","","","","","","","","","","","","","","","","","","","","","","","","","","","","","","","","","","","","","","","","","","","","",
"Kosovo","XKX","Presence of peace keepers (number of troops, police, and military observers in mandate)","VC.PKP.TOTL.UN","","","","","","","","","","","","","","","","","","","","","","","","","","","","","","","","","","","","","","","","","","","","","","","","","","17","16","16","16","14","16","16","14","17","","",
"Yemen, Rep.","YEM","Presence of peace keepers (number of troops, police, and military observers in mandate)","VC.PKP.TOTL.UN","","","","","","","","","","","","","","","","","","","","","","","","","","","","","","","","","","","","","","","","","","","","","","","","","","","","","","","","","","","","",
"South Africa","ZAF","Presence of peace keepers (number of troops, police, and military observers in mandate)","VC.PKP.TOTL.UN","","","","","","","","","","","","","","","","","","","","","","","","","","","","","","","","","","","","","","","","","","","","","","","","","","","","","","","","","","","","",
"Zambia","ZMB","Presence of peace keepers (number of troops, police, and military observers in mandate)","VC.PKP.TOTL.UN","","","","","","","","","","","","","","","","","","","","","","","","","","","","","","","","","","","","","","","","","","","","","","","","","","","","","","","","","","","","",
"Zimbabwe","ZWE","Presence of peace keepers (number of troops, police, and military observers in mandate)","VC.PKP.TOTL.UN","","","","","","","","","","","","","","","","","","","","","","","","","","","","","","","","","","","","","","","","","","","","","","","","","","","","","","","","","","","","",
